<?xml version="1.0" encoding="UTF-8"?>
<manifest>
    <remote name="roc-github"
fetch="http://github.com/RadeonOpenCompute/" />
    <remote name="rocm-devtools"
fetch="https://github.com/ROCm-Developer-Tools/" />
    <remote name="rocm-swplat"
fetch="https://github.com/ROCmSoftwarePlatform/" />
    <remote name="gpuopen-libs"
fetch="https://github.com/GPUOpen-ProfessionalCompute-Libraries/" />
    <remote name="gpuopen-tools"
fetch="https://github.com/GPUOpen-Tools/" />
    <remote name="KhronosGroup"
fetch="https://github.com/KhronosGroup/" />
    <default revision="refs/tags/rocm-4.3.1"
     remote="roc-github"
     sync-c="true"
     sync-j="4" />
<!--list of projects for ROCM-->
    <project name="ROCK-Kernel-Driver" />
    <project name="ROCT-Thunk-Interface" />
    <project name="ROCR-Runtime" />
    <project name="rocm_smi_lib" />
    <project name="rocm-cmake" />
    <project name="rocminfo" />
    <project name="rocprofiler" remote="rocm-devtools" />
    <project name="roctracer" remote="rocm-devtools" />
    <project name="ROCm-OpenCL-Runtime" />
    <project path="ROCm-OpenCL-Runtime/api/opencl/khronos/icd" name="OpenCL-ICD-Loader" remote="KhronosGroup" revision="6c03f8b58fafd9dd693eaac826749a5cfad515f8" />
    <project name="clang-ocl" />
<!--HIP Projects-->
    <project name="HIP" remote="rocm-devtools" />
    <project name="HIP-Examples" remote="rocm-devtools" />
    <project name="ROCclr" remote="rocm-devtools" />
    <project name="HIPIFY" remote="rocm-devtools" />
<!-- The following projects are all associated with the AMDGPU LLVM compiler -->
    <project name="llvm-project" />
    <project name="ROCm-Device-Libs" />
    <project name="atmi" />
    <project name="ROCm-CompilerSupport" />
    <project name="rocr_debug_agent" remote="rocm-devtools" />
    <project name="rocm_bandwidth_test" />
    <project name="half" remote="rocm-swplat" revision="37742ce15b76b44e4b271c1e66d13d2fa7bd003e" />
    <project name="RCP" remote="gpuopen-tools" revision="3a49405a1500067c49d181844ec90aea606055bb" />
<!-- gdb projects -->
    <project name="ROCgdb" remote="rocm-devtools" />
    <project name="ROCdbgapi" remote="rocm-devtools" />
<!-- ROCm Libraries -->
    <project name="rdc" remote="roc-github" />
    <project name="rocBLAS" remote="rocm-swplat" />
    <project name="Tensile" remote="rocm-swplat" />
    <project name="hipBLAS" remote="rocm-swplat" />
    <project name="rocFFT" remote="rocm-swplat" />
    <project name="hipFFT" remote="rocm-swplat" />
    <project name="rocRAND" remote="rocm-swplat" />
    <project name="rocSPARSE" remote="rocm-swplat" />
    <project name="rocSOLVER" remote="rocm-swplat" />
    <project name="hipSPARSE" remote="rocm-swplat" />
    <project name="rocALUTION" remote="rocm-swplat" />
    <project name="MIOpenGEMM" remote="rocm-swplat" />
    <project name="MIOpen" remote="rocm-swplat" />
    <project name="rccl" remote="rocm-swplat" />
    <project name="MIVisionX" remote="gpuopen-libs" />
    <project name="rocThrust" remote="rocm-swplat" />
    <project name="hipCUB" remote="rocm-swplat" />
    <project name="rocPRIM" remote="rocm-swplat" />
    <project name="hipfort" remote="rocm-swplat" />
    <project name="AMDMIGraphX" remote="rocm-swplat" />
    <project name="ROCmValidationSuite" remote="rocm-devtools" />
<!-- Projects for OpenMP-Extras -->
    <project name="aomp" path="openmp-extras/aomp" remote="rocm-devtools" />
    <project name="aomp-extras" path="openmp-extras/aomp-extras" remote="rocm-devtools" />
    <project name="flang" path="openmp-extras/flang" remote="rocm-devtools" />
</manifest>
